numero,estado
1,vendido
2,disponible
3,disponible
4,disponible
5,vendido
6,disponible
7,vendido
8,vendido
9,disponible
10,vendido
11,vendido
12,vendido
13,vendido
14,vendido
15,vendido
16,disponible
17,disponible
18,disponible
19,disponible
20,disponible
21,vendido
22,vendido
23,disponible
24,disponible
25,disponible
26,disponible
27,disponible
28,vendido
29,disponible
30,vendido
31,disponible
32,disponible
33,vendido
34,disponible
35,disponible
36,disponible
37,disponible
38,disponible
39,disponible
40,disponible
41,disponible
42,disponible
43,disponible
44,disponible
45,disponible
46,disponible
47,disponible
48,vendido
49,vendido
50,disponible
51,disponible
52,disponible
53,disponible
54,disponible
55,disponible
56,disponible
57,disponible
58,disponible
59,disponible
60,disponible
61,disponible
62,disponible
63,disponible
64,disponible
65,disponible
66,disponible
67,disponible
68,vendido
69,disponible
70,disponible
71,disponible
72,disponible
73,disponible
74,vendido
75,vendido
76,disponible
77,vendido
78,disponible
79,disponible
80,vendido
81,disponible
82,disponible
83,vendido
84,disponible
85,disponible
86,disponible
87,disponible
88,vendido
89,disponible
90,disponible
91,disponible
92,disponible
93,vendido
94,disponible
95,disponible
96,disponible
97,disponible
98,disponible
99,disponible
100,disponible
101,disponible
102,disponible
103,disponible
104,disponible
105,disponible
106,disponible
107,vendido
108,disponible
109,disponible
110,disponible
111,vendido
112,vendido
113,disponible
114,disponible
115,disponible
116,disponible
117,disponible
118,disponible
119,disponible
120,disponible
121,vendido
122,vendido
123,disponible
124,disponible
125,disponible
126,disponible
127,disponible
128,disponible
129,disponible
130,disponible
131,disponible
132,disponible
133,disponible
134,disponible
135,disponible
136,disponible
137,disponible
138,disponible
139,disponible
140,disponible
141,disponible
142,disponible
143,disponible
144,disponible
145,disponible
146,disponible
147,disponible
148,disponible
149,disponible
150,reservado
151,reservado
152,disponible
153,disponible
154,disponible
155,disponible
156,disponible
157,disponible
158,disponible
159,disponible
160,disponible
161,disponible
162,disponible
163,disponible
164,disponible
165,disponible
166,disponible
167,disponible
168,disponible
169,disponible
170,disponible
171,disponible
172,disponible
173,disponible
174,disponible
175,disponible
176,disponible
177,vendido
178,disponible
179,disponible
180,disponible
181,disponible
182,disponible
183,disponible
184,disponible
185,disponible
186,disponible
187,disponible
188,disponible
189,disponible
190,disponible
191,disponible
192,disponible
193,disponible
194,disponible
195,disponible
196,disponible
197,vendido
198,disponible
199,vendido
200,disponible
